{"wer_results": [{"wer_result": 0.22589591145515442, "exact_case": true}, {"wer_result": 0.1992320865392685, "exact_case": false}]}