{"wer_results": [{"wer_result": 0.3255138099193573, "exact_case": true}, {"wer_result": 0.2926095128059387, "exact_case": false}]}