{"wer_results": [{"wer_result": 0.16286547482013702, "exact_case": true}, {"wer_result": 0.1458856612443924, "exact_case": false}]}