{"wer_results": [{"wer_result": 0.23429803550243378, "exact_case": true}, {"wer_result": 0.2216748744249344, "exact_case": false}]}