{"wer_results": [{"wer_result": 0.2074531614780426, "exact_case": true}, {"wer_result": 0.19290554523468018, "exact_case": false}]}
