{"wer_results": [{"wer_result": 0.1936572939157486, "exact_case": true}, {"wer_result": 0.17749910056591034, "exact_case": false}]}