{"wer_results": [{"wer_result": 0.2521056830883026, "exact_case": true}, {"wer_result": 0.22337602078914642, "exact_case": false}]}