{"wer_results": [{"wer_result": 0.223178431391716, "exact_case": true}, {"wer_result": 0.20902657508850098, "exact_case": false}]}