{"wer_results": [{"wer_result": 0.30490797758102417, "exact_case": true}, {"wer_result": 0.277300626039505, "exact_case": false}]}