{"wer_results": [{"wer_result": 0.19187359511852264, "exact_case": true}, {"wer_result": 0.17198753356933594, "exact_case": false}]}