{"wer_results": [{"wer_result": 0.16797871887683868, "exact_case": true}, {"wer_result": 0.1503191441297531, "exact_case": false}]}