{"wer_results": [{"wer_result": 0.2502552568912506, "exact_case": true}, {"wer_result": 0.22779352962970734, "exact_case": false}]}