{"wer_results": [{"wer_result": 0.23625831305980682, "exact_case": true}, {"wer_result": 0.21518363058567047, "exact_case": false}]}
