{"wer_results": [{"wer_result": 0.7583128213882446, "exact_case": true}, {"wer_result": 0.7527709603309631, "exact_case": false}]}