{"wer_results": [{"wer_result": 0.3740215599536896, "exact_case": true}, {"wer_result": 0.3283040225505829, "exact_case": false}]}