{"wer_results": [{"wer_result": 0.24402371048927307, "exact_case": true}, {"wer_result": 0.22662076354026794, "exact_case": false}]}