{"wer_results": [{"wer_result": 0.9988582134246826, "exact_case": true}, {"wer_result": 0.9973012208938599, "exact_case": false}]}