{"wer_results": [{"wer_result": 0.3160593509674072, "exact_case": true}, {"wer_result": 0.2897665202617645, "exact_case": false}]}