{"wer_results": [{"wer_result": 0.2609429657459259, "exact_case": true}, {"wer_result": 0.2364644855260849, "exact_case": false}]}