{"wer_results": [{"wer_result": 0.32556235790252686, "exact_case": true}, {"wer_result": 0.29815950989723206, "exact_case": false}]}