{"wer_results": [{"wer_result": 0.25853243470191956, "exact_case": true}, {"wer_result": 0.2247226983308792, "exact_case": false}]}