{"wer_results": [{"wer_result": 0.17291799187660217, "exact_case": true}, {"wer_result": 0.1457936018705368, "exact_case": false}]}