{"wer_results": [{"wer_result": 0.2893953323364258, "exact_case": true}, {"wer_result": 0.2565445005893707, "exact_case": false}]}