{"wer_results": [{"wer_result": 0.20499999821186066, "exact_case": true}, {"wer_result": 0.18414893746376038, "exact_case": false}]}