{"wer_results": [{"wer_result": 0.18008126318454742, "exact_case": true}, {"wer_result": 0.16295157372951508, "exact_case": false}]}