{"wer_results": [{"wer_result": 0.230140820145607, "exact_case": true}, {"wer_result": 0.2058475762605667, "exact_case": false}]}