{"wer_results": [{"wer_result": 0.2574303150177002, "exact_case": true}, {"wer_result": 0.23036891222000122, "exact_case": false}]}