{"wer_results": [{"wer_result": 0.35740694403648376, "exact_case": true}, {"wer_result": 0.33756470680236816, "exact_case": false}]}