{"wer_results": [{"wer_result": 0.20788303017616272, "exact_case": true}, {"wer_result": 0.17779190838336945, "exact_case": false}]}