{"wer_results": [{"wer_result": 0.20044207572937012, "exact_case": true}, {"wer_result": 0.18105094134807587, "exact_case": false}]}