{"wer_results": [{"wer_result": 0.21808844804763794, "exact_case": true}, {"wer_result": 0.19932928681373596, "exact_case": false}]}