{"wer_results": [{"wer_result": 0.2891427278518677, "exact_case": true}, {"wer_result": 0.2552209496498108, "exact_case": false}]}