{"wer_results": [{"wer_result": 0.3049023449420929, "exact_case": true}, {"wer_result": 0.28437623381614685, "exact_case": false}]}