{"wer_results": [{"wer_result": 0.3128015697002411, "exact_case": true}, {"wer_result": 0.27779489755630493, "exact_case": false}]}