{"wer_results": [{"wer_result": 0.16009663045406342, "exact_case": true}, {"wer_result": 0.14483363926410675, "exact_case": false}]}